alpha,lambda
230.1862173617583,4719.384087131955
