alpha,lambda
62.1149079573904,7556.047386219675
